INSERT INTO "agenda_items" ("id", "meeting_id", "committee_id", "proposer_id", "title", "description", "status", "priority", "estimated_minutes", "created_at", "updated_at", "document_tsv", "department_id", "version", "reviewer_notes") VALUES ('8de4166a-ced4-409e-a203-1746c96beacb', '19274aa2-52b1-490f-9147-27fddde118b6', '3762b809-b6b2-4762-ad04-f462f3f110d1', 'c25cdac9-8bfa-4056-aa51-f2e470b8abbb', 'Agenda 1', 'description', 'draft', 'High', 15, '2025-09-17 16:38:59.98686', '2025-09-17 16:38:59.986861', NULL, 'cd30d1b0-cb1e-42bb-a543-0a55bccad17e', 1, NULL);
INSERT INTO "agenda_items" ("id", "meeting_id", "committee_id", "proposer_id", "title", "description", "status", "priority", "estimated_minutes", "created_at", "updated_at", "document_tsv", "department_id", "version", "reviewer_notes") VALUES ('b7589543-26cd-4a06-934c-a8c9cfc9d885', '49fbbedd-0290-4345-a64c-6b1a9544e7ed', '3762b809-b6b2-4762-ad04-f462f3f110d1', 'be782e82-93da-46e6-96ad-da981a134736', 'Agenda with comments and votes', 'desc', 'draft', 'High', 10, '2025-09-23 14:35:18.337771', '2025-09-23 14:35:18.337771', NULL, 'cd30d1b0-cb1e-42bb-a543-0a55bccad17e', 1, NULL);
INSERT INTO "attachments" ("id", "agenda_item_id", "filename", "file_url", "checksum", "uploaded_at", "version", "is_current", "uploaded_by", "content_type", "size") VALUES ('43a48486-e704-47e4-97a4-db89015839c0', '8de4166a-ced4-409e-a203-1746c96beacb', 'MIS Standard Observation Report_export_1755088388394.xlsx', '/Uploads/MIS Standard Observation Report_export_1755088388394.xlsx', NULL, '2025-09-23 11:47:56.232299', 1, 't', '79bc4d69-28a6-4813-ba21-7ed1f2c94fab', 'application/vnd.openxmlformats-officedocument.spreadsheetml.sheet', 16304);
INSERT INTO "comments" ("id", "agenda_item_id", "user_id", "text", "created_at", "parent_id") VALUES ('15e0bd4c-d5be-46df-8264-38d9a7a2a965', 'b7589543-26cd-4a06-934c-a8c9cfc9d885', 'be782e82-93da-46e6-96ad-da981a134736', 'Umer', '2025-09-23 14:35:18.338115', NULL);
INSERT INTO "committee_members" ("id", "committee_id", "user_id", "role_in_committee", "added_at") VALUES ('01993e63-ba24-76f0-8938-6ddc1bc29e15', '881f69ac-6dfa-4028-8dc0-54c914053cd6', 'f156ad1e-f51d-44c7-82a3-6e99f333dadf', NULL, '2025-09-12 19:45:47.172142');
INSERT INTO "committee_members" ("id", "committee_id", "user_id", "role_in_committee", "added_at") VALUES ('01993e63-ba2b-764b-a6fd-fae4cdf8b388', '881f69ac-6dfa-4028-8dc0-54c914053cd6', '598b86cc-caee-4f70-8431-56d4cebe8772', NULL, '2025-09-12 19:45:47.179293');
INSERT INTO "committee_members" ("id", "committee_id", "user_id", "role_in_committee", "added_at") VALUES ('01995686-dff4-7f98-8921-4c160ca6a546', '3762b809-b6b2-4762-ad04-f462f3f110d1', 'f156ad1e-f51d-44c7-82a3-6e99f333dadf', NULL, '2025-09-17 12:15:03.786895');
INSERT INTO "committee_members" ("id", "committee_id", "user_id", "role_in_committee", "added_at") VALUES ('01995686-e09d-7d60-bd88-e46ab26659c2', '3762b809-b6b2-4762-ad04-f462f3f110d1', '598b86cc-caee-4f70-8431-56d4cebe8772', NULL, '2025-09-17 12:15:03.962911');
INSERT INTO "committee_members" ("id", "committee_id", "user_id", "role_in_committee", "added_at") VALUES ('01995689-9e54-77ec-b945-f38355e16c2c', '3762b809-b6b2-4762-ad04-f462f3f110d1', 'c25cdac9-8bfa-4056-aa51-f2e470b8abbb', NULL, '2025-09-17 12:18:03.604259');
INSERT INTO "committees" ("id", "name", "description", "created_at") VALUES ('881f69ac-6dfa-4028-8dc0-54c914053cd6', 'Tapal Committee no 1', 'Umer creating this committee for testing purpose', '2025-09-12 19:17:30.821393');
INSERT INTO "committees" ("id", "name", "description", "created_at") VALUES ('3762b809-b6b2-4762-ad04-f462f3f110d1', 'Committtee 2', '3 members', '2025-09-17 12:13:04.325814');
INSERT INTO "department_users" ("id", "department_id", "user_id", "role_in_dept") VALUES ('01993e81-f788-75b9-8e10-9018e7e338fb', 'cd30d1b0-cb1e-42bb-a543-0a55bccad17e', '5c92c600-1a8e-44f0-9ef4-c5dbc23b2463', 'coordinator');
INSERT INTO "department_users" ("id", "department_id", "user_id", "role_in_dept") VALUES ('01993e81-f7a7-70e0-a53e-c06b2e5bdf50', 'cd30d1b0-cb1e-42bb-a543-0a55bccad17e', 'c25cdac9-8bfa-4056-aa51-f2e470b8abbb', 'coordinator');
INSERT INTO "departments" ("id", "name", "description", "created_at") VALUES ('cd30d1b0-cb1e-42bb-a543-0a55bccad17e', 'Security', 'Test', '2025-09-12 19:17:30.821393');
INSERT INTO "departments" ("id", "name", "description", "created_at") VALUES ('8935e9ad-7492-4fef-a76c-281aa6aa2e1e', 'Test department', 'testing', '2025-09-15 17:29:36.582673');
INSERT INTO "meeting_attendees" ("id", "meeting_id", "user_id", "rsvp", "rsvp_at", "attended", "attended_at", "role_in_meeting", "created_at") VALUES ('79b1134d-1fb8-4d5d-aefc-5c8f6b1ac877', '2c5a31a9-7b3e-4615-b90f-9cb601de178e', 'f156ad1e-f51d-44c7-82a3-6e99f333dadf', 'pending', NULL, 'f', NULL, 'participant', '2025-09-15 19:28:51.360273+05');
INSERT INTO "meeting_attendees" ("id", "meeting_id", "user_id", "rsvp", "rsvp_at", "attended", "attended_at", "role_in_meeting", "created_at") VALUES ('cd8502d3-5dc5-4e0a-97b8-7b67cee9b236', '2c5a31a9-7b3e-4615-b90f-9cb601de178e', '598b86cc-caee-4f70-8431-56d4cebe8772', 'pending', NULL, 'f', NULL, 'participant', '2025-09-15 19:28:51.360273+05');
INSERT INTO "meeting_attendees" ("id", "meeting_id", "user_id", "rsvp", "rsvp_at", "attended", "attended_at", "role_in_meeting", "created_at") VALUES ('d76cad04-c6f9-4195-a1bf-d23babb4e78f', '49fbbedd-0290-4345-a64c-6b1a9544e7ed', 'f156ad1e-f51d-44c7-82a3-6e99f333dadf', 'pending', NULL, 'f', NULL, NULL, '2025-09-17 12:16:08.593461+05');
INSERT INTO "meeting_attendees" ("id", "meeting_id", "user_id", "rsvp", "rsvp_at", "attended", "attended_at", "role_in_meeting", "created_at") VALUES ('fc010ed7-52ad-4215-ba51-07bf07298e17', '49fbbedd-0290-4345-a64c-6b1a9544e7ed', '598b86cc-caee-4f70-8431-56d4cebe8772', 'pending', NULL, 'f', NULL, NULL, '2025-09-17 12:16:08.593461+05');
INSERT INTO "meeting_attendees" ("id", "meeting_id", "user_id", "rsvp", "rsvp_at", "attended", "attended_at", "role_in_meeting", "created_at") VALUES ('2d4f0d89-b047-4ab5-a644-3a802a47d491', '19274aa2-52b1-490f-9147-27fddde118b6', '598b86cc-caee-4f70-8431-56d4cebe8772', 'pending', NULL, 'f', NULL, NULL, '2025-09-17 12:18:18.78651+05');
INSERT INTO "meeting_attendees" ("id", "meeting_id", "user_id", "rsvp", "rsvp_at", "attended", "attended_at", "role_in_meeting", "created_at") VALUES ('4f289ef8-ff3c-49f7-aaa3-c609479b0be8', '19274aa2-52b1-490f-9147-27fddde118b6', 'c25cdac9-8bfa-4056-aa51-f2e470b8abbb', 'pending', NULL, 'f', NULL, NULL, '2025-09-17 12:18:18.78651+05');
INSERT INTO "meeting_attendees" ("id", "meeting_id", "user_id", "rsvp", "rsvp_at", "attended", "attended_at", "role_in_meeting", "created_at") VALUES ('e53d989a-d594-437d-9524-281765756a8f', '19274aa2-52b1-490f-9147-27fddde118b6', 'f156ad1e-f51d-44c7-82a3-6e99f333dadf', 'pending', NULL, 'f', NULL, NULL, '2025-09-17 12:18:18.78651+05');
INSERT INTO "meetings" ("id", "committee_id", "organizer_id", "title", "start_time", "end_time", "location", "virtual_link", "status", "created_at", "updated_at", "agenda_deadline") VALUES ('2c5a31a9-7b3e-4615-b90f-9cb601de178e', '881f69ac-6dfa-4028-8dc0-54c914053cd6', '00000000-0000-0000-0000-000000000000', 'Meeting created by umer', '2025-09-15 18:45:06.828', '2025-09-15 18:45:06.828', 'string', NULL, 'minutes_in_review', '2025-09-15 18:55:33.786322', '2025-09-15 18:55:33.788841', '2025-09-15 18:45:06.828');
INSERT INTO "meetings" ("id", "committee_id", "organizer_id", "title", "start_time", "end_time", "location", "virtual_link", "status", "created_at", "updated_at", "agenda_deadline") VALUES ('49fbbedd-0290-4345-a64c-6b1a9544e7ed', '3762b809-b6b2-4762-ad04-f462f3f110d1', '00000000-0000-0000-0000-000000000000', 'Meeting with committee 2', '2025-09-17 12:12:03.196', '2025-09-25 12:12:03.196', 'karwan', NULL, 'draft', '2025-09-17 12:16:08.41586', '2025-09-17 12:16:08.593461', '2025-09-30 12:12:03.196');
INSERT INTO "meetings" ("id", "committee_id", "organizer_id", "title", "start_time", "end_time", "location", "virtual_link", "status", "created_at", "updated_at", "agenda_deadline") VALUES ('19274aa2-52b1-490f-9147-27fddde118b6', '3762b809-b6b2-4762-ad04-f462f3f110d1', '00000000-0000-0000-0000-000000000000', 'Meeting with committee 2', '2025-09-17 12:12:03.196', '2025-09-25 12:12:03.196', 'karwan', NULL, 'draft', '2025-09-17 12:18:18.783498', '2025-09-17 12:18:18.78651', '2025-09-30 12:12:03.196');
INSERT INTO "roles" ("id", "name", "description") VALUES ('35b11ae9-8a14-484f-a76b-8784b5286787', 'system_admin', 'Full system access');
INSERT INTO "roles" ("id", "name", "description") VALUES ('6874d6e4-2f9d-4090-8f1d-e1578e7e142e', 'company_secretary', 'Committee/meeting organizer');
INSERT INTO "roles" ("id", "name", "description") VALUES ('33a632d0-26b3-497e-a2aa-8ddb43444aa8', 'member', 'Committee member');
INSERT INTO "roles" ("id", "name", "description") VALUES ('45ac19ec-9479-4781-a9dc-2049c344a245', 'observer', 'Guest user');
INSERT INTO "user_roles" ("user_id", "role_id") VALUES ('c25cdac9-8bfa-4056-aa51-f2e470b8abbb', '45ac19ec-9479-4781-a9dc-2049c344a245');
INSERT INTO "user_roles" ("user_id", "role_id") VALUES ('be782e82-93da-46e6-96ad-da981a134736', '35b11ae9-8a14-484f-a76b-8784b5286787');
INSERT INTO "user_roles" ("user_id", "role_id") VALUES ('c25cdac9-8bfa-4056-aa51-f2e470b8abbb', '33a632d0-26b3-497e-a2aa-8ddb43444aa8');
INSERT INTO "user_roles" ("user_id", "role_id") VALUES ('be782e82-93da-46e6-96ad-da981a134736', '45ac19ec-9479-4781-a9dc-2049c344a245');
INSERT INTO "users" ("id", "name", "email", "password_hash", "role_id", "created_at", "updated_at") VALUES ('f156ad1e-f51d-44c7-82a3-6e99f333dadf', 'Secretary', 'Secretary@tapal.com', 'D631KkWAz+u5nmEWITmvPTpkA8HTa4PklityHRyMvQs=', NULL, '2025-09-12 03:32:13.030424', '2025-09-12 03:32:13.030424');
INSERT INTO "users" ("id", "name", "email", "password_hash", "role_id", "created_at", "updated_at") VALUES ('598b86cc-caee-4f70-8431-56d4cebe8772', 'Coordinator', 'Coordinator@tapal.com', 'D631KkWAz+u5nmEWITmvPTpkA8HTa4PklityHRyMvQs=', NULL, '2025-09-12 03:32:35.977612', '2025-09-12 03:32:35.977612');
INSERT INTO "users" ("id", "name", "email", "password_hash", "role_id", "created_at", "updated_at") VALUES ('5c92c600-1a8e-44f0-9ef4-c5dbc23b2463', 'Guest User', 'guest@tapal.com', 'D631KkWAz+u5nmEWITmvPTpkA8HTa4PklityHRyMvQs=', NULL, '2025-09-12 03:32:46.788967', '2025-09-12 03:32:46.788967');
INSERT INTO "users" ("id", "name", "email", "password_hash", "role_id", "created_at", "updated_at") VALUES ('be782e82-93da-46e6-96ad-da981a134736', 'Admin', 'admin@tapal.com', '0fadf52a4580cfebb99e61162139af3d3a6403c1d36b83e4962b721d1c8cbd0b', NULL, '2025-09-12 03:31:52.599022', '2025-09-12 03:31:52.599022');
INSERT INTO "users" ("id", "name", "email", "password_hash", "role_id", "created_at", "updated_at") VALUES ('79bc4d69-28a6-4813-ba21-7ed1f2c94fab', 'umer@tapal.com', 'umer@tapal.com', '0fadf52a4580cfebb99e61162139af3d3a6403c1d36b83e4962b721d1c8cbd0b', NULL, '2025-09-15 13:54:38.020902', '2025-09-15 13:54:38.020902');
INSERT INTO "users" ("id", "name", "email", "password_hash", "role_id", "created_at", "updated_at") VALUES ('c25cdac9-8bfa-4056-aa51-f2e470b8abbb', 'admin', 'Committee@tapal.com', 'D631KkWAz+u5nmEWITmvPTpkA8HTa4PklityHRyMvQs=', NULL, '2025-09-12 03:32:27.987064', '2025-09-12 03:32:27.987064');
INSERT INTO "votes" ("id", "agenda_item_id", "user_id", "vote_value", "voted_at") VALUES ('10f3de6d-3483-45dc-a78c-1cf01a6b4071', 'b7589543-26cd-4a06-934c-a8c9cfc9d885', 'be782e82-93da-46e6-96ad-da981a134736', 'string', '2025-09-23 14:35:18.338029');
